1;135;bjvnbvz;873;fhajeiohtgj hbjfi sghjvei ;1;31.10.2009;14.12.2019
2;107;vdfjljl;609;ghja hj fdhajkla ghkjlfdsh;2;01.11.2009;15.12.2019
3;107;fjhds;938;njklfs hj kglhfndkljjsf ;18;02.11.2009;16.12.2019
4;145;jpsdjlka;327; bjfkdhnkl df;19;03.11.2009;17.12.2019
5;124;su;391;" hjgrs fhjkgl djlghkjlhsdjk; hgd;f jhfs knmf jlkg fnlmfgds nml";20;03.11.2009;18.12.2019
6;141;dnjk;986; jfbklxnjl gfadjkl;21;04.11.2009;19.12.2019
7;116;jkkjdn;512; bjkfdhsnjkl fndngnjkl ;19;05.11.2009;20.12.2019
8;140;jkd;324;j bkfndkjlsb nmgf yni;20;06.11.2009;21.12.2019
9;144;njlvdz;611; njfskdgnjkla ahjklr gh;21;07.11.2009;22.12.2019
10;133;jolvadf;142;fhajeiohtgj hbjfi sghjvei ;1;08.11.2009;23.12.2019
11;106;njvdsa;973;ghja hj fdhajkla ghkjlfdsh;2;09.11.2009;24.12.2019
12;148;josa;1083;njklfs hj kglhfndkljjsf ;18;10.11.2009;25.12.2019
13;131;njovdanjlkz;53; bjfkdhnkl df;19;11.11.2009;26.12.2019
14;121;njjdszkla;1206;" hjgrs fhjkgl djlghkjlhsdjk; hgd;f jhfs knmf jlkg fnlmfgds nml";20;12.11.2009;27.12.2019
15;110;jjiap9a\;662; jfbklxnjl gfadjkl;21;13.11.2009;28.12.2019
16;144;njsahuo3;626; bjkfdhsnjkl fndngnjkl ;1;14.11.2009;29.12.2019
17;112;njklsahjlk8;517;j bkfndkjlsb nmgf yni;2;15.11.2009;30.12.2019
18;139;"njkfaj;/";6; njfskdgnjkla ahjklr gh;21;16.11.2009;31.12.2019
19;101;njkvaj;673; njfskdgnjkla ahjklr gh;19;17.11.2009;01.01.2020
20;118;"gdUIHF;";186;fhajeiohtgj hbjfi sghjvei ;20;18.11.2009;22.04.2020
21;140;hjfk;854;ghja hj fdhajkla ghkjlfdsh;21;19.11.2009;23.04.2020
22;109;JDF;248;njklfs hj kglhfndkljjsf ;1;20.11.2009;04.01.2020
23;136;IFOP;284; bjfkdhnkl df;2;21.11.2009;05.01.2020
24;103;njeki;362;" hjgrs fhjkgl djlghkjlhsdjk; hgd;f jhfs knmf jlkg fnlmfgds nml";18;22.11.2009;06.01.2020
25;104;njdfzn;168; jfbklxnjl gfadjkl;19;23.11.2009;07.01.2020
26;139;njlfndsji;839;ghja hj fdhajkla ghkjlfdsh;20;24.11.2009;08.01.2020
27;114;njordjfil;912;njklfs hj kglhfndkljjsf ;21;25.11.2009;09.01.2020
28;137;njpiAP;890; bjfkdhnkl df;20;26.11.2009;10.01.2020
29;113;NNIAII\;307;" hjgrs fhjkgl djlghkjlhsdjk; hgd;f jhfs knmf jlkg fnlmfgds nml";21;26.11.2009;11.01.2020
30;124;japjhiupa;911; jfbklxnjl gfadjkl;19;27.11.2009;12.01.2020
31;109;ifuowpj;1097; bjkfdhsnjkl fndngnjkl ;20;28.11.2009;13.01.2020
32;122;jgiei\;910;j bkfndkjlsb nmgf yni;21;29.11.2009;14.01.2020
33;104;njdfagra;512; njfskdgnjkla ahjklr gh;1;30.11.2009;15.01.2020
34;120;njofdnzj-;349; njfskdgnjkla ahjklr gh;2;01.12.2009;16.01.2020
35;139;gmjdi;501;Njkdl GHJJKHGJLGHJKFL BNMFSKLJKJAJH GF;18;02.12.2009;17.01.2020
36;109;hjofadhj;952; HSJKH GNDK LN KFNLBF NL;19;03.12.2009;18.01.2020
37;132;hjodhjkl;880;NJKLGHJJA NKL NFLNLKFB N KLFN LAFBD;20;04.12.2009;19.01.2020
38;108;"j[pa;hjkb";117;NKHJGL GN NN NSDF;21;05.12.2009;20.01.2020
39;103;"jl;;;luehguip";195; bjfkdhnkl df;1;06.12.2009;21.01.2020
40;101;jhiouhf0;675;" hjgrs fhjkgl djlghkjlhsdjk; hgd;f jhfs knmf jlkg fnlmfgds nml";2;07.12.2009;22.01.2020
41;132;nhkjfdhua;1205; jfbklxnjl gfadjkl;21;08.12.2009;23.01.2020
42;137;oisout;1144; bjkfdhsnjkl fndngnjkl ;20;09.12.2009;24.01.2020
43;127;hjfsah;1083;j bkfndkjlsb nmgf yni;21;10.12.2009;25.01.2020
44;125;jahiu;531; njfskdgnjkla ahjklr gh;19;11.12.2009;26.01.2020
45;125;itnruikwe;935; njfskdgnjkla ahjklr gh;20;12.12.2009;27.01.2020
46;114;fiikjj;312;Njkdl GHJJKHGJLGHJKFL BNMFSKLJKJAJH GF;2;13.12.2009;28.01.2020
47;119;hdbhsu;300; HSJKH GNDK LN KFNLBF NL;18;14.12.2009;29.01.2020
48;137;jkdliue;859;NJKLGHJJA NKL NFLNLKFB N KLFN LAFBD;19;15.12.2009;30.01.2020
49;107;ieokjhi;1165;NKHJGL GN NN NSDF;20;16.12.2009;31.01.2020
50;137;"jkefo;jdi";954;hgflgjfhgjl  gjk hfsdjkl hgk fsdnkjlf ;21;17.12.2009;01.02.2020
51;125;jhfiehuio;457;NJKLGHJJA NKL NFLNLKFB N KLFN LAFBD;1;18.12.2009;02.02.2020
52;142;"hjfh;ea";667;NKHJGL GN NN NSDF;2;19.12.2009;03.02.2020
53;144;jkdjye;461;dbH SJKBGJFHDAKBG DZ;21;19.12.2009;04.02.2020
54;116;iopatjgk;49; hjkgbfgj ndgkjlfhlfk;19;20.12.2009;05.02.2020
55;111;bhjdoshui;340;n jkbsdfngjkl fbdsnlbgnkdfs;20;21.12.2009;06.02.2020
56;132;bvhjksaduhu;529;" njfkdsl ngjkl dhf ghlkhnsd;k";21;22.12.2009;07.02.2020
57;143;nhojdhfui;62; njkfldhsiutthnhmls;1;23.12.2009;08.02.2020
58;135;piTHEJFN;1122; njslhgjfkldshg hjlkdf hgnkjlsgjklf hsdjlfd;2;24.12.2009;09.02.2020
59;135;huioajks;18;njklgafhdjalkhjut jh hdgj dkla;18;25.12.2009;10.02.2020
60;116;nkofj;840;hjfkdsh klgdnfjklgnfl,;19;26.12.2009;11.02.2020
61;112;njafdkji;1214; hjklhsjkltjtjhla  dhfgklghkjlrht lhjkg l;20;27.12.2009;12.02.2020
62;140;"jkfdajfv;ngr";428;"hjlreshg lnhfjlk nagdkfljn;k fb";21;28.12.2009;13.02.2020
63;112;jkfpjpui;1001;fhajeiohtgj hbjfi sghjvei ;20;29.12.2009;14.02.2020
64;136;juoieuahky;492;ghja hj fdhajkla ghkjlfdsh;21;30.12.2009;15.02.2020
65;115;"njogfhuh;gr";760;njklfs hj kglhfndkljjsf ;19;31.12.2009;24.02.2020
66;144;huiprghiaphur;600; bjfkdhnkl df;20;01.01.2010;25.02.2020
67;130;hug;872;" hjgrs fhjkgl djlghkjlhsdjk; hgd;f jhfs knmf jlkg fnlmfgds nml";21;02.01.2010;26.02.2020
68;130;hugodhui;990; jfbklxnjl gfadjkl;1;03.01.2010;27.02.2020
69;112;jirijh;1077; bjkfdhsnjkl fndngnjkl ;2;04.01.2010;28.02.2020
70;110;ioifjgiirk;611;j bkfndkjlsb nmgf yni;18;05.01.2010;29.02.2020
71;112;jgiupa;337; njfskdgnjkla ahjklr gh;19;06.01.2010;01.03.2020
72;123;jiehuth;1127;fhajeiohtgj hbjfi sghjvei ;20;07.01.2010;23.02.2020
73;108;hruaoghur;1183;ghja hj fdhajkla ghkjlfdsh;21;08.01.2010;24.02.2020
74;108;jfohsyUE;1211;njklfs hj kglhfndkljjsf ;1;09.01.2010;25.02.2020
75;116;JURIOHUTG;27; bjfkdhnkl df;2;10.01.2010;26.02.2020
76;130;hugavgy;164;" hjgrs fhjkgl djlghkjlhsdjk; hgd;f jhfs knmf jlkg fnlmfgds nml";21;11.01.2010;27.02.2020
77;115;hyfkkdik;1090; jfbklxnjl gfadjkl;20;11.01.2010;28.02.2020
78;148;hyfjfjjf;215; bjkfdhsnjkl fndngnjkl ;21;12.01.2010;29.02.2020
79;148;jeoekjjf;354;j bkfndkjlsb nmgf yni;1;13.01.2010;01.03.2020
80;119;fesuah;710; njfskdgnjkla ahjklr gh;2;14.01.2010;02.03.2020
81;111;rjfuieahu;1234; njfskdgnjkla ahjklr gh;18;15.01.2010;03.03.2020
82;116;jugfodihguve;130;fhajeiohtgj hbjfi sghjvei ;19;16.01.2010;04.03.2020
83;107;jgufoaidhg;205;ghja hj fdhajkla ghkjlfdsh;20;17.01.2010;05.03.2020
84;135;jfiosdhgu;884;njklfs hj kglhfndkljjsf ;21;18.01.2010;06.03.2020
85;123;grue;108; bjfkdhnkl df;1;19.01.2010;07.03.2020
86;103;nhjeiknjr;297;" hjgrs fhjkgl djlghkjlhsdjk; hgd;f jhfs knmf jlkg fnlmfgds nml";2;20.01.2010;08.03.2020
87;126;hjdijhklre;358; jfbklxnjl gfadjkl;2;21.01.2010;09.03.2020
88;133;huidahgduo;690;ghja hj fdhajkla ghkjlfdsh;21;22.01.2010;10.03.2020
89;109;huofdihg;353;njklfs hj kglhfndkljjsf ;20;23.01.2010;11.03.2020
90;112;oo9juuu;445; bjfkdhnkl df;21;24.01.2010;12.03.2020
91;130;jjfjjf;641;" hjgrs fhjkgl djlghkjlhsdjk; hgd;f jhfs knmf jlkg fnlmfgds nml";1;25.01.2010;13.03.2020
92;143;kkkkkd;119; jfbklxnjl gfadjkl;2;26.01.2010;14.03.2020
93;147;kiikkd;924; bjkfdhsnjkl fndngnjkl ;1;27.01.2010;15.03.2020
94;106;kkkkkdkkd;1197;j bkfndkjlsb nmgf yni;2;28.01.2010;16.03.2020
95;104;dkkdkdkd;545; njfskdgnjkla ahjklr gh;18;29.01.2010;17.03.2020
96;136;kdkdkkd;464; njfskdgnjkla ahjklr gh;19;30.01.2010;18.03.2020
97;145;jdjduhdj;927;Njkdl GHJJKHGJLGHJKFL BNMFSKLJKJAJH GF;20;31.01.2010;19.03.2020
98;110;kdiwnju;824; HSJKH GNDK LN KFNLBF NL;21;01.02.2010;20.03.2020
99;101;ifijfh;484;NJKLGHJJA NKL NFLNLKFB N KLFN LAFBD;19;02.02.2010;21.03.2020
100;116;idkdkkd;195;NKHJGL GN NN NSDF;20;03.02.2010;22.03.2020
101;118;oijntgju;66; bjfkdhnkl df;21;03.02.2010;23.03.2020
102;129;hjhjgytt;796;" hjgrs fhjkgl djlghkjlhsdjk; hgd;f jhfs knmf jlkg fnlmfgds nml";2;04.02.2010;24.03.2020
103;106;hyyyii;1232; jfbklxnjl gfadjkl;21;05.02.2010;25.03.2020
104;132;huigyitftyg;808; bjkfdhsnjkl fndngnjkl ;20;06.02.2010;26.03.2020
105;105;hjhu7;1144;j bkfndkjlsb nmgf yni;21;07.02.2010;27.03.2020
106;131;hjhkku;633; njfskdgnjkla ahjklr gh;18;08.02.2010;28.03.2020
107;110;juuuioo;528; njfskdgnjkla ahjklr gh;19;09.02.2010;29.03.2020
108;131;hgry;1147;Njkdl GHJJKHGJLGHJKFL BNMFSKLJKJAJH GF;20;10.02.2010;30.03.2020
109;109;gtghui;195; HSJKH GNDK LN KFNLBF NL;21;11.02.2010;31.03.2020
110;104;uuuhhgt;684;NJKLGHJJA NKL NFLNLKFB N KLFN LAFBD;1;12.02.2010;01.04.2020
111;137;uuuup;775;NKHJGL GN NN NSDF;2;13.02.2010;02.04.2020
112;122;juuyyyyhb;203;hgflgjfhgjl  gjk hfsdjkl hgk fsdnkjlf ;2;14.02.2010;03.04.2020
113;138;hgfgfggg;817;NJKLGHJJA NKL NFLNLKFB N KLFN LAFBD;21;15.02.2010;04.04.2020
114;110;huiiiig;1029;NKHJGL GN NN NSDF;20;16.02.2010;05.04.2020
115;130;jiiiokjuy;776;dbH SJKBGJFHDAKBG DZ;21;17.02.2010;06.04.2020
116;141;hggjkuhui;1206; hjkgbfgj ndgkjlfhlfk;19;18.02.2010;07.04.2020
117;112;huytyhhhh;1043;n jkbsdfngjkl fbdsnlbgnkdfs;20;19.02.2010;08.04.2020
118;133;hjjgyhb;883;" njfkdsl ngjkl dhf ghlkhnsd;k";21;20.02.2010;09.04.2020
119;130;hugyrrrr;547; njkfldhsiutthnhmls;1;21.02.2010;10.04.2020
120;108;oiiuujhyt;920; njslhgjfkldshg hjlkdf hgnkjlsgjklf hsdjlfd;2;22.02.2010;31.03.2020
121;103;uuujiuyyh\;642;njklgafhdjalkhjut jh hdgj dkla;2;23.02.2010;01.04.2020
122;126;fjgjjgjgjgj;1011;hjfkdsh klgdnfjklgnfl,;21;24.02.2010;02.04.2020
123;111;sksiuhg;1121; hjklhsjkltjtjhla  dhfgklghkjlrht lhjkg l;20;25.02.2010;03.04.2020
124;131;hvhjzhfof;637;"hjlreshg lnhfjlk nagdkfljn;k fb";21;26.02.2010;04.04.2020
125;143;hjdoiyaur;950;dnshJI FKBKSJFGBHJLA;21;27.02.2010;05.04.2020
126;116;hjdiasgtybru;222;bhgjfdhj klbnjkld fdhsjlgknbdkjls;1;27.02.2010;06.04.2020
127;112;nghjruhgu4e;437; hjfgkldsgnjlknkljg nkdf;2;28.02.2010;07.04.2020
128;110;yyhhhr;127; njklfdnsgkjlnfsdktjgnkla;18;01.03.2010;08.04.2020
129;140;jruujryy;475;n jlkdfsnklnbskl klanlk nkjl rahjlk ra;19;02.03.2010;09.04.2020
130;143;uduhedu;1055;dbH SJKBGJFHDAKBG DZ;20;03.03.2010;10.04.2020
131;145;jurfuieio;1123; hjkgbfgj ndgkjlfhlfk;21;04.03.2010;22.04.2020
132;137;ir8jruujj;1142;n jkbsdfngjkl fbdsnlbgnkdfs;1;05.03.2010;23.04.2020
133;134;skskjjjj;842;" njfkdsl ngjkl dhf ghlkhnsd;k";2;06.03.2010;24.04.2020
134;129;jklkjhugh;319; njkfldhsiutthnhmls;21;07.03.2010;25.04.2020
