"user_id","gender","photo_id","status_id","city","country","created_at","updated_at"
0,f,33,1,"""Brookeville""","""Austria""","2021-01-18 14:02:23","2021-01-18 14:03:42"
202,m,17,2,"""New Kasandra""","""Tuvalu""","2021-01-18 14:02:23","2021-01-18 14:03:42"
203,f,85,2,"""Arjunview""","""Benin""","2021-01-18 14:02:23","2021-01-18 14:03:42"
205,f,75,1,"""Vincenzoport""","""Australia""","2021-01-18 14:02:23","2021-01-18 14:03:42"
206,m,19,2,"""Jaedenhaven""","""Bahamas""","2021-01-18 14:02:23","2021-01-18 14:03:42"
207,f,71,2,"""North Dante""","""Samoa""","2021-01-18 14:02:23","2021-01-18 14:03:42"
208,f,95,1,"""South Roberto""","""Aruba""","2021-01-18 14:02:23","2021-01-18 14:03:42"
209,m,62,2,"""Harveyfort""","""Niger""","2021-01-18 14:02:23","2021-01-18 14:03:42"
210,m,23,1,"""Georgetteview""","""Uruguay""","2021-01-18 14:02:23","2021-01-18 14:03:42"
211,m,30,1,"""Jaskolskitown""","""Spain""","2021-01-18 14:02:23","2021-01-18 14:03:42"
212,f,79,1,"""Emmittland""","""Algeria""","2021-01-18 14:02:23","2021-01-18 14:03:42"
213,f,7,2,"""Mohamedview""","""Mozambique""","2021-01-18 14:02:23","2021-01-18 14:03:42"
214,m,96,1,"""Connberg""","""Guernsey""","2021-01-18 14:02:23","2021-01-18 14:03:42"
215,f,58,1,"""North Margarettburgh""","""Congo""","2021-01-18 14:02:23","2021-01-18 14:03:42"
216,f,3,1,"""North Marisolside""","""Ethiopia""","2021-01-18 14:02:23","2021-01-18 14:03:42"
217,f,42,2,"""Vitaland""","""Gabon""","2021-01-18 14:02:23","2021-01-18 14:03:42"
218,f,98,1,"""Bennieview""","""Saint Pierre and Miquelon""","2021-01-18 14:02:23","2021-01-18 14:03:42"
219,m,64,1,"""Port Ashlymouth""","""Nicaragua""","2021-01-18 14:02:23","2021-01-18 14:03:42"
220,f,25,1,"""McCulloughport""","""Nicaragua""","2021-01-18 14:02:23","2021-01-18 14:03:42"
222,f,31,2,"""West Curt""","""Christmas Island""","2021-01-18 14:02:23","2021-01-18 14:03:42"
223,m,81,1,"""Jaynehaven""","""Bouvet Island (Bouvetoya)""","2021-01-18 14:02:23","2021-01-18 14:03:42"
224,m,13,2,"""East Reyesstad""","""Solomon Islands""","2021-01-18 14:02:23","2021-01-18 14:03:42"
225,m,21,1,"""West Elta""","""Czech Republic""","2021-01-18 14:02:23","2021-01-18 14:03:42"
226,m,65,1,"""East Liam""","""Seychelles""","2021-01-18 14:02:23","2021-01-18 14:03:42"
227,m,63,1,"""Port Danykaside""","""Burundi""","2021-01-18 14:02:23","2021-01-18 14:03:42"
228,m,20,1,"""Rippinberg""","""Thailand""","2021-01-18 14:02:23","2021-01-18 14:03:42"
229,m,11,2,"""East Reillybury""","""Estonia""","2021-01-18 14:02:23","2021-01-18 14:03:42"
231,f,93,2,"""Bogisichfort""","""Saint Kitts and Nevis""","2021-01-18 14:02:23","2021-01-18 14:03:42"
232,f,32,1,"""South William""","""Montserrat""","2021-01-18 14:02:23","2021-01-18 14:03:42"
233,f,81,1,"""Lake Quincychester""","""Central African Republic""","2021-01-18 14:02:23","2021-01-18 14:03:42"
234,m,9,1,"""Port Jedediah""","""Saint Barthelemy""","2021-01-18 14:02:23","2021-01-18 14:03:42"
235,m,100,1,"""Ziememouth""","""Cape Verde""","2021-01-18 14:02:23","2021-01-18 14:03:42"
236,f,74,2,"""West Emanuel""","""Tokelau""","2021-01-18 14:02:23","2021-01-18 14:03:42"
237,m,69,2,"""Johannland""","""Dominican Republic""","2021-01-18 14:02:23","2021-01-18 14:03:42"
238,m,22,1,"""Lake Vena""","""Bangladesh""","2021-01-18 14:02:23","2021-01-18 14:03:42"
239,m,3,1,"""Lake Ezra""","""Iraq""","2021-01-18 14:02:23","2021-01-18 14:03:42"
240,m,50,1,"""South Stewartville""","""Slovenia""","2021-01-18 14:02:23","2021-01-18 14:03:42"
241,f,39,2,"""Nolanton""","""British Indian Ocean Territory (Chagos Archipelago)""","2021-01-18 14:02:23","2021-01-18 14:03:42"
243,f,43,2,"""South Tobinfort""","""Guernsey""","2021-01-18 14:02:23","2021-01-18 14:03:42"
244,m,100,2,"""Gusikowskifurt""","""Mali""","2021-01-18 14:02:23","2021-01-18 14:03:42"
245,m,71,2,"""East Stefaniestad""","""New Zealand""","2021-01-18 14:02:23","2021-01-18 14:03:42"
246,f,55,1,"""South Jadeview""","""Swaziland""","2021-01-18 14:02:23","2021-01-18 14:03:42"
247,f,60,1,"""South Averychester""","""Saudi Arabia""","2021-01-18 14:02:23","2021-01-18 14:03:42"
248,f,34,1,"""Alainatown""","""Antarctica (the territory South of 60 deg S)""","2021-01-18 14:02:23","2021-01-18 14:03:42"
249,f,91,1,"""New Douglasshire""","""Argentina""","2021-01-18 14:02:23","2021-01-18 14:03:42"
250,m,51,2,"""Justiceport""","""United States Virgin Islands""","2021-01-18 14:02:23","2021-01-18 14:03:42"
251,f,84,1,"""East Bridget""","""Samoa""","2021-01-18 14:02:23","2021-01-18 14:03:42"
252,f,66,1,"""East Georgiannatown""","""Iraq""","2021-01-18 14:02:23","2021-01-18 14:03:42"
253,m,78,1,"""Modestafort""","""Armenia""","2021-01-18 14:02:23","2021-01-18 14:03:42"
254,m,89,1,"""Nickside""","""Rwanda""","2021-01-18 14:02:23","2021-01-18 14:03:42"
255,f,13,2,"""Angelaville""","""Guinea""","2021-01-18 14:02:23","2021-01-18 14:03:42"
256,m,95,1,"""South Denis""","""Australia""","2021-01-18 14:02:23","2021-01-18 14:03:42"
257,m,38,2,"""Stehrbury""","""Japan""","2021-01-18 14:02:23","2021-01-18 14:03:42"
258,m,5,1,"""Anneside""","""India""","2021-01-18 14:02:23","2021-01-18 14:03:42"
259,f,9,1,"""West Leifstad""","""Canada""","2021-01-18 14:02:23","2021-01-18 14:03:42"
261,m,29,1,"""West Thaliastad""","""Trinidad and Tobago""","2021-01-18 14:02:23","2021-01-18 14:03:42"
263,m,17,1,"""Lake Leola""","""Gambia""","2021-01-18 14:02:23","2021-01-18 14:03:42"
264,m,98,1,"""West Greta""","""Estonia""","2021-01-18 14:02:23","2021-01-18 14:03:42"
265,m,37,1,"""Revaland""","""Suriname""","2021-01-18 14:02:23","2021-01-18 14:03:42"
266,m,91,2,"""South Kobemouth""","""San Marino""","2021-01-18 14:02:23","2021-01-18 14:03:42"
267,f,42,2,"""Strosinport""","""Guernsey""","2021-01-18 14:02:23","2021-01-18 14:03:42"
270,m,40,2,"""Alvertaville""","""Bosnia and Herzegovina""","2021-01-18 14:02:23","2021-01-18 14:03:42"
271,m,71,2,"""New Ahmad""","""Marshall Islands""","2021-01-18 14:02:23","2021-01-18 14:03:42"
273,f,35,2,"""Hermanview""","""Bahamas""","2021-01-18 14:02:23","2021-01-18 14:03:42"
274,m,62,1,"""Goldnerburgh""","""Senegal""","2021-01-18 14:02:23","2021-01-18 14:03:42"
275,f,6,2,"""Germaineside""","""Greece""","2021-01-18 14:02:23","2021-01-18 14:03:42"
276,m,43,1,"""Schummshire""","""Rwanda""","2021-01-18 14:02:23","2021-01-18 14:03:42"
277,f,96,1,"""South Giovanny""","""China""","2021-01-18 14:02:23","2021-01-18 14:03:42"
278,f,51,1,"""New Gonzalostad""","""Jersey""","2021-01-18 14:02:23","2021-01-18 14:03:42"
280,f,68,1,"""Riceberg""","""Cambodia""","2021-01-18 14:02:23","2021-01-18 14:03:42"
282,f,85,1,"""New William""","""Afghanistan""","2021-01-18 14:02:23","2021-01-18 14:03:42"
284,m,19,1,"""Langworthstad""","""Togo""","2021-01-18 14:02:23","2021-01-18 14:03:42"
285,m,41,2,"""South Chasity""","""Myanmar""","2021-01-18 14:02:23","2021-01-18 14:03:42"
286,f,46,2,"""West Suzanne""","""Lebanon""","2021-01-18 14:02:23","2021-01-18 14:03:42"
287,m,6,2,"""Fadelhaven""","""Uruguay""","2021-01-18 14:02:23","2021-01-18 14:03:42"
288,f,94,1,"""Lake Breannastad""","""Papua New Guinea""","2021-01-18 14:02:23","2021-01-18 14:03:42"
290,m,51,1,"""North Connie""","""United States of America""","2021-01-18 14:02:23","2021-01-18 14:03:42"
291,f,71,1,"""Alexashire""","""Congo""","2021-01-18 14:02:23","2021-01-18 14:03:42"
292,f,4,2,"""New Natview""","""Guyana""","2021-01-18 14:02:23","2021-01-18 14:03:42"
293,m,6,1,"""South Burnice""","""Lithuania""","2021-01-18 14:02:23","2021-01-18 14:03:42"
294,m,16,2,"""West Tad""","""Uganda""","2021-01-18 14:02:23","2021-01-18 14:03:42"
295,m,61,2,"""Lincolnshire""","""Algeria""","2021-01-18 14:02:23","2021-01-18 14:03:42"
296,m,57,2,"""Sauerton""","""Hungary""","2021-01-18 14:02:23","2021-01-18 14:03:42"
298,f,1,2,"""South Adellemouth""","""Finland""","2021-01-18 14:02:23","2021-01-18 14:03:42"
299,f,33,2,"""Devinport""","""Philippines""","2021-01-18 14:02:23","2021-01-18 14:03:42"
300,f,61,1,"""Stehrland""","""Kuwait""","2021-01-18 14:02:23","2021-01-18 14:03:42"
302,m,8,2,"""Wymanborough""","""Ghana""","2021-01-18 14:02:23","2021-01-18 14:03:42"
303,f,55,1,"""North Toney""","""United States Minor Outlying Islands""","2021-01-18 14:02:23","2021-01-18 14:03:42"
304,m,52,1,"""Corwinmouth""","""Jamaica""","2021-01-18 14:02:23","2021-01-18 14:03:42"
305,f,93,2,"""Vicenteport""","""Jordan""","2021-01-18 14:02:23","2021-01-18 14:03:42"
308,m,8,1,"""Strosinberg""","""Niue""","2021-01-18 14:02:23","2021-01-18 14:03:42"
309,m,59,1,"""Xanderchester""","""Dominica""","2021-01-18 14:02:23","2021-01-18 14:03:42"
310,f,73,2,"""Leannport""","""Algeria""","2021-01-18 14:02:23","2021-01-18 14:03:42"
311,m,88,1,"""Sauerville""","""Saint Martin""","2021-01-18 14:02:23","2021-01-18 14:03:42"
312,m,18,1,"""Dewayneberg""","""Korea""","2021-01-18 14:02:23","2021-01-18 14:03:42"
313,f,27,1,"""West Abdul""","""Papua New Guinea""","2021-01-18 14:02:23","2021-01-18 14:03:42"
314,f,82,2,"""Cecilechester""","""Saint Barthelemy""","2021-01-18 14:02:23","2021-01-18 14:03:42"
316,m,27,2,"""Clydeside""","""Andorra""","2021-01-18 14:02:23","2021-01-18 14:03:42"
317,m,90,2,"""Gabrielborough""","""Papua New Guinea""","2021-01-18 14:02:23","2021-01-18 14:03:42"
318,f,68,1,"""Kaiafort""","""Zimbabwe""","2021-01-18 14:02:23","2021-01-18 14:03:42"
319,m,69,2,"""Kadechester""","""Lao People's Democratic Republic""","2021-01-18 14:02:23","2021-01-18 14:03:42"
320,m,40,2,"""Bednarton""","""Faroe Islands""","2021-01-18 14:02:23","2021-01-18 14:03:42"
321,f,92,2,"""Brekkechester""","""Kuwait""","2021-01-18 14:02:23","2021-01-18 14:03:42"
322,m,38,1,"""Carlomouth""","""Kyrgyz Republic""","2021-01-18 14:02:23","2021-01-18 14:03:42"
323,m,15,1,"""New Rickey""","""Niue""","2021-01-18 14:02:23","2021-01-18 14:03:42"
324,f,62,1,"""New Abigail""","""Turks and Caicos Islands""","2021-01-18 14:02:23","2021-01-18 14:03:42"
325,m,62,1,"""East Celestino""","""Barbados""","2021-01-18 14:02:23","2021-01-18 14:03:42"
326,f,26,1,"""West Hillardhaven""","""Guadeloupe""","2021-01-18 14:02:23","2021-01-18 14:03:42"
327,f,40,1,"""Beattyfurt""","""Sierra Leone""","2021-01-18 14:02:23","2021-01-18 14:03:42"
328,f,25,1,"""South Rosaliaton""","""Heard Island and McDonald Islands""","2021-01-18 14:02:23","2021-01-18 14:03:42"
336,f,3,2,"""West Kristin""","""Bahrain""","2021-01-18 14:02:23","2021-01-18 14:03:42"
338,f,40,2,"""Port Selenafurt""","""Guadeloupe""","2021-01-18 14:02:23","2021-01-18 14:03:42"
340,f,91,1,"""Baronmouth""","""Morocco""","2021-01-18 14:02:23","2021-01-18 14:03:42"
341,m,34,1,"""Kovacekburgh""","""Morocco""","2021-01-18 14:02:23","2021-01-18 14:03:42"
343,m,97,1,"""Port Alayna""","""Singapore""","2021-01-18 14:02:23","2021-01-18 14:03:42"
345,f,84,2,"""Ortizbury""","""Puerto Rico""","2021-01-18 14:02:23","2021-01-18 14:03:42"
346,m,25,2,"""Clayberg""","""Georgia""","2021-01-18 14:02:23","2021-01-18 14:03:42"
349,m,76,1,"""Aureliafort""","""Egypt""","2021-01-18 14:02:23","2021-01-18 14:03:42"
